<?xml version="1.0" encoding="UTF-8" standalone="yes" ?><fileEntries xmlns="http://schemas.mathworks.com/matlab/compiler/2011/fileManifest" encoding="windows-1252" platform="win64"><fileEntry content="/fsroot/SoundAnalysisV6.mlapp" date="2020-07-14T16:56:08Z" name="/SoundAnalysisV6.mlapp" permissions="37302" type="File"/><fileEntry content="/fsroot/functions/FFTparameter.m" date="2019-10-31T18:30:58Z" name="/functions/FFTparameter.m" permissions="37302" type="File"/><fileEntry content="/fsroot/functions/FindPeak.m" date="2020-06-04T02:01:05Z" name="/functions/FindPeak.m" permissions="37302" type="File"/><fileEntry content="/fsroot/functions/GetAdjustedTrackGroup.m" date="2020-06-04T21:40:58Z" name="/functions/GetAdjustedTrackGroup.m" permissions="37302" type="File"/><fileEntry content="/fsroot/functions/GetParameters.m" date="2020-06-10T00:30:25Z" name="/functions/GetParameters.m" permissions="37302" type="File"/><fileEntry content="/fsroot/functions/GetStartAndEndTime.m" date="2020-06-04T03:12:45Z" name="/functions/GetStartAndEndTime.m" permissions="37302" type="File"/><fileEntry content="/fsroot/functions/GetTracks.m" date="2020-06-04T02:09:00Z" name="/functions/GetTracks.m" permissions="37302" type="File"/><fileEntry content="/fsroot/functions/IterativelyShortestDistanceCircle.m" date="2020-06-09T22:47:14Z" name="/functions/IterativelyShortestDistanceCircle.m" permissions="37302" type="File"/><fileEntry content="/fsroot/functions/IterativelyShortestDistanceCircle_Start.m" date="2020-06-04T02:46:32Z" name="/functions/IterativelyShortestDistanceCircle_Start.m" permissions="37302" type="File"/><fileEntry content="/fsroot/functions/Orig2RMS.m" date="2020-06-08T16:29:42Z" name="/functions/Orig2RMS.m" permissions="37302" type="File"/><fileEntry content="/fsroot/functions/RMS2dBSPL.m" date="2020-06-08T14:28:19Z" name="/functions/RMS2dBSPL.m" permissions="37302" type="File"/><fileEntry content="/fsroot/functions/RemoveComponentSmallerThan_2D.m" date="2020-06-03T20:05:45Z" name="/functions/RemoveComponentSmallerThan_2D.m" permissions="37302" type="File"/><fileEntry content="/fsroot/functions/getSpectrumTime.m" date="2020-06-10T02:04:50Z" name="/functions/getSpectrumTime.m" permissions="37302" type="File"/><fileEntry content="/fsroot/functions/localMin.m" date="2020-02-24T21:42:22Z" name="/functions/localMin.m" permissions="37302" type="File"/><fileEntry content="/fsroot/functions/normalizeSpectrum.m" date="2019-12-18T20:08:39Z" name="/functions/normalizeSpectrum.m" permissions="37302" type="File"/><fileEntry content="/fsroot/functions/removeRegion.m" date="2020-06-04T03:25:51Z" name="/functions/removeRegion.m" permissions="37302" type="File"/></fileEntries>