<?xml version="1.0" encoding="UTF-8" standalone="yes" ?>
<appProperties xmlns="http://schemas.mathworks.com/matlab/app/2012/appProperties" signature="D1BD5FDFBA2DAFC3387E068D9EE56803CCCBE818">

  <entryPoint>SoundAnalysisV6</entryPoint>

  <name>SoundAnalysisV6_2</name>

  <version>1.0</version>

  <createdByMATLABRelease>(R2018b)</createdByMATLABRelease>

  <GUID>b09651ac-763a-4844-85a5-a05d3f9c8455</GUID>

  <supportedPlatforms/>

  <requiredProducts/>

  <numFiles>16</numFiles>

  <created>2020-06-10T02:21:55Z</created>

  <appEntries>
    <appFile>/functions/localMin.m</appFile>
    <appFile>/functions/GetStartAndEndTime.m</appFile>
    <appFile>/functions/RemoveComponentSmallerThan_2D.m</appFile>
    <appFile>/functions/FindPeak.m</appFile>
    <appFile>/SoundAnalysisV6.mlapp</appFile>
    <appFile>/functions/RMS2dBSPL.m</appFile>
    <appFile>/functions/removeRegion.m</appFile>
    <appFile>/functions/FFTparameter.m</appFile>
    <appFile>/functions/GetParameters.m</appFile>
    <appFile>/functions/normalizeSpectrum.m</appFile>
    <appFile>/functions/GetAdjustedTrackGroup.m</appFile>
    <appFile>/functions/getSpectrumTime.m</appFile>
    <appFile>/functions/IterativelyShortestDistanceCircle.m</appFile>
    <appFile>/functions/GetTracks.m</appFile>
    <appFile>/functions/Orig2RMS.m</appFile>
    <appFile>/functions/IterativelyShortestDistanceCircle_Start.m</appFile>
  </appEntries>

</appProperties>
